# Custom partition table for VANGO (2 MB flash, ESP32-S3)
#
# Flash layout (2 MB = 0x200000):
#   0x000000 – 0x007FFF  Bootloader   (32 KB, not in table)
#   0x008000 – 0x008FFF  Partition table (4 KB, not in table)
#   0x009000 – 0x00EFFF  NVS          (24 KB – WiFi creds, settings)
#   0x00F000 – 0x00FFFF  PHY init     ( 4 KB)
#   0x010000 – 0x1FFFFF  App factory  (1.9375 MB = 0x1F0000)
#
# Name,     Type, SubType,  Offset,   Size
nvs,        data, nvs,      0x9000,   0x6000,
phy_init,   data, phy,      0xF000,   0x1000,
factory,    app,  factory,  0x10000,  0x1F0000,
